timestamp,hobbs_start,hobbs_end,tach_start,tach_end,cycles,oil_pressure_min,oil_pressure_max,oil_temp_max,cht_max,egt_max,fuel_used_gal,route,pilot_notes
2023-07-05T00:00:00Z,4430.0,4430.5,4115.0,4115.4,2,64.2,81.6,184.6,377.6,1346.3,3.5,KPHX-KDVT-KPHX,
2023-07-07T00:00:00Z,4430.5,4432.5,4115.4,4117.2,1,67.2,72.2,207.7,367.5,1329.9,16.2,KPHX-KPRC-KPHX,"Haze layer at 3000 ft, VFR on top"
2023-07-11T00:00:00Z,4432.5,4434.1,4117.2,4118.7,1,57.1,80.7,194.9,355.0,1347.6,12.6,KPHX-KPRC-KPHX,"CHT elevated on climb, leveled off in cruise"
2023-07-19T00:00:00Z,4434.1,4439.0,4118.7,4122.9,1,58.3,80.2,223.2,371.9,1305.9,34.6,KPHX-KGCN-KPHX,"Oil temp ran slightly warm, cleared after descent"
2023-07-22T00:00:00Z,4439.0,4439.6,4122.9,4123.4,1,68.1,74.9,193.5,387.8,1308.0,4.1,KPHX-KDVT-KPHX,"Beautiful day, smooth air above 6500 ft"
2023-07-24T00:00:00Z,4439.6,4440.3,4123.4,4124.0,2,55.6,79.7,177.2,343.6,1301.0,5.2,KPHX-KFFZ-KPHX,Slight turbulence over Camelback Mountain
2023-07-27T00:00:00Z,4440.3,4440.8,4124.0,4124.4,1,63.5,81.6,188.9,374.4,1323.9,3.3,KPHX pattern,
2023-07-30T00:00:00Z,4440.8,4442.8,4124.4,4126.2,1,69.8,80.8,186.0,347.5,1319.9,16.1,KPHX-KPRC-KPHX,
2023-08-03T00:00:00Z,4442.8,4445.1,4126.2,4128.3,1,57.2,78.9,200.7,360.1,1394.1,19.7,KPHX-KPRC-KPHX,"CHT elevated on climb, leveled off in cruise"
2023-08-04T00:00:00Z,4445.1,4445.6,4128.3,4128.7,3,60.0,70.7,178.0,386.4,1312.1,3.5,KPHX-KDVT-KPHX,
2023-08-14T00:00:00Z,4445.6,4447.6,4128.7,4130.5,2,67.0,72.0,185.3,364.5,1370.4,14.7,KPHX-KSEZ-KPHX,Gusty crosswind landing at KPHX
2023-08-15T00:00:00Z,4447.6,4450.5,4130.5,4133.1,1,61.2,78.7,207.4,368.1,1238.4,24.0,KPHX-KFLG-KPHX,Fuel selector inadvertently left on LEFT — corrected
2023-08-16T00:00:00Z,4450.5,4451.0,4133.1,4133.5,1,61.0,78.9,172.5,336.3,1310.2,3.4,KPHX pattern,
2023-08-16T00:00:00Z,4451.0,4451.4,4133.5,4133.8,2,54.6,81.0,183.4,447.3,1367.6,2.6,KPHX-KSDL-KPHX,"Normal flight, no discrepancies"
2023-08-26T00:00:00Z,4451.4,4451.8,4133.8,4134.1,1,63.4,81.6,184.1,373.6,1279.7,2.7,KPHX-KSDL-KPHX,Fuel selector inadvertently left on LEFT — corrected
2023-08-28T00:00:00Z,4451.8,4452.4,4134.1,4134.6,1,57.9,76.3,174.9,403.0,1405.1,3.9,KPHX-KDVT-KPHX,
2023-09-02T00:00:00Z,4452.4,4457.0,4134.6,4138.4,1,61.5,77.0,221.9,389.4,1307.4,39.7,KPHX-KGCN-KPHX,"Beautiful day, smooth air above 6500 ft"
2023-09-05T00:00:00Z,4457.0,4457.6,4138.4,4138.9,1,48.1,84.1,187.0,387.4,1332.3,4.1,KPHX-KCHD-KPHX,"Engine mag check showed slight roughness on right mag, cleared at runup"
2023-09-06T00:00:00Z,4457.6,4458.1,4138.9,4139.4,1,69.3,74.3,182.6,352.0,1232.7,4.1,KPHX-KDVT-KPHX,
2023-09-10T00:00:00Z,4458.1,4458.5,4139.4,4139.8,1,61.5,76.9,173.1,373.0,1366.1,3.0,KPHX-KSDL-KPHX,
2023-09-11T00:00:00Z,4458.5,4459.0,4139.8,4140.3,1,56.9,77.7,178.2,361.2,1384.3,3.3,KPHX pattern,
2023-09-14T00:00:00Z,4459.0,4461.1,4140.3,4142.2,2,67.5,86.0,178.5,360.0,1338.6,15.4,KPHX-KPRC-KPHX,
2023-09-22T00:00:00Z,4461.1,4461.5,4142.2,4142.5,1,63.3,75.9,190.3,344.1,1288.6,3.0,KPHX-KDVT-KPHX,Gusty crosswind landing at KPHX
2023-09-23T00:00:00Z,4461.5,4464.4,4142.5,4145.1,2,58.7,75.8,199.5,375.6,1328.7,22.9,KPHX-KTUS-KPHX,"Rough idle on startup, cleared after warmup"
2023-09-25T00:00:00Z,4464.4,4466.9,4145.1,4147.3,2,59.0,80.0,211.2,367.1,1219.7,20.7,KPHX-KTUS-KPHX,
2023-09-25T00:00:00Z,4466.9,4467.5,4147.3,4147.8,1,59.3,75.0,176.9,420.6,1321.0,4.2,KPHX-KFFZ-KPHX,"Rough idle on startup, cleared after warmup"
2023-09-29T00:00:00Z,4467.5,4468.1,4147.8,4148.4,2,65.3,76.9,173.4,371.1,1349.1,5.4,KPHX-KCHD-KPHX,
2023-10-03T00:00:00Z,4468.1,4469.4,4148.4,4149.5,1,57.2,78.0,189.9,353.9,1329.4,9.8,KPHX-KBXK-KPHX,"Rough idle on startup, cleared after warmup"
2023-10-07T00:00:00Z,4469.4,4471.4,4149.5,4151.2,2,60.8,76.7,196.4,355.7,1327.9,14.8,KPHX-KFLG-KPHX,
2023-10-09T00:00:00Z,4471.4,4472.0,4151.2,4151.7,1,60.5,80.9,171.1,358.8,1316.5,4.3,KPHX-KFFZ-KPHX,
2023-10-13T00:00:00Z,4472.0,4474.7,4151.7,4153.9,2,63.5,79.5,186.7,380.4,1292.5,21.2,KPHX-KSEZ-KPHX,"Slight vibration on climbout, investigated — no issue found"
2023-10-18T00:00:00Z,4474.7,4476.9,4153.9,4155.8,2,58.9,75.5,193.3,337.9,1268.1,14.8,KPHX-KFLG-KPHX,Fuel selector inadvertently left on LEFT — corrected
2023-10-21T00:00:00Z,4476.9,4477.4,4155.8,4156.3,1,64.2,79.9,174.9,330.6,1278.2,4.1,KPHX-KDVT-KPHX,
2023-10-23T00:00:00Z,4477.4,4479.4,4156.3,4158.1,2,58.0,77.7,187.0,369.0,1357.9,15.9,KPHX-KTUS-KPHX,
2023-10-26T00:00:00Z,4479.4,4480.5,4158.1,4159.0,1,65.8,73.4,187.6,344.4,1418.3,8.4,KPHX-KBXK-KPHX,"Normal flight, no discrepancies"
2023-10-29T00:00:00Z,4480.5,4482.4,4159.0,4160.7,1,61.8,81.5,197.7,338.5,1390.2,13.5,KPHX-KPRC-KPHX,"Engine mag check showed slight roughness on right mag, cleared at runup"
2023-11-02T00:00:00Z,4482.4,4482.9,4160.7,4161.1,3,66.7,74.6,181.0,346.5,1345.3,3.3,KPHX pattern,"Normal flight, no discrepancies"
2023-11-05T00:00:00Z,4482.9,4483.4,4161.1,4161.5,1,58.3,76.5,186.8,368.2,1252.0,3.8,KPHX-KDVT-KPHX,"Oil temp ran slightly warm, cleared after descent"
2023-11-13T00:00:00Z,4483.4,4483.9,4161.5,4161.9,1,60.4,77.6,175.0,333.9,1331.0,3.3,KPHX-KDVT-KPHX,
2023-11-14T00:00:00Z,4483.9,4486.2,4161.9,4163.9,1,66.2,76.7,194.0,342.7,1335.4,17.6,KPHX-KPRC-KPHX,"Slight vibration on climbout, investigated — no issue found"
2023-11-16T00:00:00Z,4486.2,4487.5,4163.9,4165.0,1,62.4,73.7,184.6,359.3,1328.3,10.9,KPHX-KCHD-KFFZ-KPHX,"Slight vibration on climbout, investigated — no issue found"
2023-11-18T00:00:00Z,4487.5,4488.0,4165.0,4165.5,1,63.7,79.4,193.3,382.7,1277.5,4.6,KPHX-KFFZ-KPHX,"Engine mag check showed slight roughness on right mag, cleared at runup"
2023-11-21T00:00:00Z,4488.0,4488.5,4165.5,4165.9,1,62.9,71.7,177.6,361.2,1295.4,3.9,KPHX-KDVT-KPHX,"Haze layer at 3000 ft, VFR on top"
2023-11-24T00:00:00Z,4488.5,4490.1,4165.9,4167.4,1,62.0,83.4,192.2,378.1,1353.8,12.3,KPHX-KPRC-KPHX,"Oil temp ran slightly warm, cleared after descent"
2023-11-25T00:00:00Z,4490.1,4491.9,4167.4,4169.0,3,59.1,79.7,185.1,388.0,1328.5,13.0,KPHX-KPRC-KPHX,
2023-11-28T00:00:00Z,4491.9,4494.5,4169.0,4171.4,1,57.8,78.5,197.2,405.2,1350.2,17.6,KPHX-KSEZ-KPHX,Fuel selector inadvertently left on LEFT — corrected
2023-11-30T00:00:00Z,4494.5,4496.6,4171.4,4173.2,2,61.5,79.6,192.0,385.6,1274.3,15.9,KPHX-KPRC-KPHX,
2023-12-01T00:00:00Z,4496.6,4497.3,4173.2,4173.8,1,61.4,83.2,161.5,367.2,1377.0,5.4,KPHX-KFFZ-KPHX,"Oil temp ran slightly warm, cleared after descent"
2023-12-03T00:00:00Z,4497.3,4497.9,4173.8,4174.3,1,65.2,77.2,181.7,354.1,1313.5,4.1,KPHX-KCHD-KPHX,"Rough idle on startup, cleared after warmup"
2023-12-07T00:00:00Z,4497.9,4499.6,4174.3,4175.7,1,59.6,76.6,200.9,372.6,1340.0,13.3,KPHX-KPRC-KPHX,"CHT elevated on climb, leveled off in cruise"
2023-12-11T00:00:00Z,4499.6,4500.2,4175.7,4176.2,1,64.7,76.7,196.8,402.8,1232.6,4.3,KPHX-KFFZ-KPHX,"Engine mag check showed slight roughness on right mag, cleared at runup"
2023-12-13T00:00:00Z,4500.2,4503.2,4176.2,4178.9,3,55.2,79.1,204.6,354.9,1327.7,22.2,KPHX-KFLG-KPHX,"Beautiful day, smooth air above 6500 ft"
2023-12-17T00:00:00Z,4503.2,4505.2,4178.9,4180.6,2,60.6,73.8,188.4,391.3,1280.4,17.9,KPHX-KSEZ-KPHX,"Normal flight, no discrepancies"
2023-12-21T00:00:00Z,4505.2,4507.1,4180.6,4182.3,1,62.2,83.1,184.6,394.3,1301.1,13.6,KPHX-KPRC-KPHX,Fuel selector inadvertently left on LEFT — corrected
2023-12-24T00:00:00Z,4507.1,4507.6,4182.3,4182.7,1,68.9,88.4,186.5,348.5,1343.2,3.9,KPHX-KDVT-KPHX,"CHT elevated on climb, leveled off in cruise"
2023-12-26T00:00:00Z,4507.6,4508.2,4182.7,4183.2,1,66.2,83.0,175.2,385.6,1295.7,4.4,KPHX-KDVT-KPHX,
2023-12-28T00:00:00Z,4508.2,4508.7,4183.2,4183.6,1,55.2,73.7,170.0,367.6,1323.1,2.8,KPHX pattern,"Beautiful day, smooth air above 6500 ft"
2024-01-01T00:00:00Z,4508.7,4509.9,4183.6,4184.7,1,53.3,74.7,187.7,395.4,1314.8,9.5,KPHX-KCHD-KFFZ-KPHX,Slight turbulence over Camelback Mountain
2024-01-04T00:00:00Z,4509.9,4512.0,4184.7,4186.6,1,61.3,73.6,190.1,354.8,1345.5,14.7,KPHX-KPRC-KPHX,"Engine mag check showed slight roughness on right mag, cleared at runup"
2024-01-07T00:00:00Z,4512.0,4513.9,4186.6,4188.2,1,59.4,71.6,201.8,378.8,1312.2,15.8,KPHX-KSEZ-KPHX,
2024-01-09T00:00:00Z,4513.9,4514.4,4188.2,4188.6,2,60.2,77.5,182.0,374.6,1313.9,3.7,KPHX-KDVT-KPHX,"Haze layer at 3000 ft, VFR on top"
2024-01-12T00:00:00Z,4514.4,4514.7,4188.6,4188.9,1,65.8,75.6,169.7,369.5,1308.4,2.6,KPHX-KSDL-KPHX,"Slight vibration on climbout, investigated — no issue found"
2024-01-14T00:00:00Z,4514.7,4516.2,4188.9,4190.2,1,66.3,86.6,193.5,373.7,1303.8,11.2,KPHX-KBXK-KPHX,"CHT elevated on climb, leveled off in cruise"
2024-01-14T00:00:00Z,4516.2,4516.7,4190.2,4190.7,3,58.9,75.7,200.6,371.1,1371.1,3.8,KPHX-KCHD-KPHX,
2024-01-19T00:00:00Z,4516.7,4517.8,4190.7,4191.7,2,64.5,78.5,183.6,408.6,1310.9,7.9,KPHX-KBXK-KPHX,
2024-01-23T00:00:00Z,4517.8,4519.9,4191.7,4193.6,1,60.1,74.9,204.5,376.8,1356.8,15.0,KPHX-KSEZ-KPHX,"Haze layer at 3000 ft, VFR on top"
2024-01-28T00:00:00Z,4519.9,4520.3,4193.6,4194.0,2,58.4,77.9,193.9,394.0,1397.6,3.1,KPHX-KDVT-KPHX,
2024-02-05T00:00:00Z,4520.3,4522.4,4194.0,4195.9,1,59.2,78.4,180.9,395.9,1234.7,17.3,KPHX-KTUS-KPHX,
2024-02-07T00:00:00Z,4522.4,4523.6,4195.9,4197.0,1,58.6,75.0,181.4,332.5,1330.6,10.1,KPHX-KCHD-KFFZ-KPHX,Fuel selector inadvertently left on LEFT — corrected
2024-02-08T00:00:00Z,4523.6,4524.0,4197.0,4197.4,2,56.8,85.1,175.9,397.0,1281.5,3.0,KPHX-KDVT-KPHX,Fuel selector inadvertently left on LEFT — corrected
2024-02-12T00:00:00Z,4524.0,4526.1,4197.4,4199.3,1,65.7,70.7,180.4,406.9,1349.8,17.6,KPHX-KSEZ-KPHX,
2024-02-17T00:00:00Z,4526.1,4528.7,4199.3,4201.6,1,56.0,69.8,216.3,385.5,1392.3,18.0,KPHX-KTUS-KPHX,"Rough idle on startup, cleared after warmup"
2024-02-20T00:00:00Z,4528.7,4530.9,4201.6,4203.6,1,60.8,89.8,178.8,351.1,1334.2,15.9,KPHX-KTUS-KPHX,"Haze layer at 3000 ft, VFR on top"
2024-02-23T00:00:00Z,4530.9,4531.4,4203.6,4204.0,1,61.9,80.1,169.8,365.5,1318.4,4.0,KPHX-KDVT-KPHX,Gusty crosswind landing at KPHX
2024-02-29T00:00:00Z,4531.4,4536.2,4204.0,4208.0,3,63.7,82.2,203.1,377.7,1333.2,37.7,KPHX-KGCN-KPHX,
2024-03-02T00:00:00Z,4536.2,4536.6,4208.0,4208.4,1,59.3,74.8,174.8,342.9,1350.2,3.1,KPHX-KSDL-KPHX,
2024-03-06T00:00:00Z,4536.6,4538.9,4208.4,4210.5,1,65.7,75.6,190.6,364.6,1300.3,19.4,KPHX-KFLG-KPHX,Slight turbulence over Camelback Mountain
2024-03-08T00:00:00Z,4538.9,4539.5,4210.5,4211.1,1,63.0,80.7,182.1,347.5,1297.5,4.3,KPHX-KFFZ-KPHX,
2024-03-09T00:00:00Z,4539.5,4543.2,4211.1,4214.3,1,66.2,74.8,207.5,388.5,1380.1,25.2,KPHX-KGCN-KPHX,"Haze layer at 3000 ft, VFR on top"
2024-03-11T00:00:00Z,4543.2,4543.7,4214.3,4214.8,1,59.7,75.4,170.0,358.2,1268.5,3.5,KPHX-KDVT-KPHX,"Normal flight, no discrepancies"
2024-03-12T00:00:00Z,4543.7,4544.2,4214.8,4215.3,1,63.3,76.2,178.0,371.4,1329.1,4.1,KPHX-KCHD-KPHX,"Beautiful day, smooth air above 6500 ft"
2024-03-14T00:00:00Z,4544.2,4544.6,4215.3,4215.7,1,62.0,73.3,176.0,340.4,1334.7,2.9,KPHX-KDVT-KPHX,"Slight vibration on climbout, investigated — no issue found"
2024-03-17T00:00:00Z,4544.6,4545.3,4215.7,4216.3,1,61.4,74.6,184.8,416.8,1347.2,5.4,KPHX-KCHD-KPHX,Slight turbulence over Camelback Mountain
2024-03-23T00:00:00Z,4545.3,4545.9,4216.3,4216.8,1,62.6,78.9,189.6,362.8,1351.9,4.0,KPHX-KDVT-KPHX,
2024-03-25T00:00:00Z,4545.9,4546.4,4216.8,4217.2,1,66.0,77.0,183.9,372.5,1260.7,3.9,KPHX-KDVT-KPHX,"Haze layer at 3000 ft, VFR on top"
2024-03-27T00:00:00Z,4546.4,4550.9,4217.2,4221.4,1,60.1,77.4,217.4,350.2,1318.7,34.1,KPHX-KGCN-KPHX,"Rough idle on startup, cleared after warmup"
2024-03-31T00:00:00Z,4550.9,4553.7,4221.4,4223.9,1,67.1,79.7,198.0,330.9,1326.7,20.8,KPHX-KTUS-KPHX,"Slight vibration on climbout, investigated — no issue found"
2024-04-02T00:00:00Z,4553.7,4554.8,4223.9,4224.8,1,57.8,87.5,187.1,382.7,1268.7,7.7,KPHX-KBXK-KPHX,"Haze layer at 3000 ft, VFR on top"
2024-04-05T00:00:00Z,4554.8,4555.4,4224.8,4225.3,2,57.6,81.4,170.6,374.1,1342.1,3.8,KPHX pattern,"Slight vibration on climbout, investigated — no issue found"
2024-04-08T00:00:00Z,4555.4,4557.5,4225.3,4227.2,1,64.8,77.9,177.9,399.9,1349.1,14.1,KPHX-KPRC-KPHX,
2024-04-09T00:00:00Z,4557.5,4559.6,4227.2,4229.1,1,64.0,74.9,180.3,354.7,1336.3,17.2,KPHX-KPRC-KPHX,
2024-04-11T00:00:00Z,4559.6,4562.0,4229.1,4231.1,1,64.3,75.4,200.0,368.7,1282.2,19.4,KPHX-KFLG-KPHX,
2024-04-12T00:00:00Z,4562.0,4564.8,4231.1,4233.5,2,57.5,76.0,192.0,343.4,1303.6,19.4,KPHX-KTUS-KPHX,"Rough idle on startup, cleared after warmup"
2024-04-15T00:00:00Z,4564.8,4568.2,4233.5,4236.9,2,57.0,80.7,201.4,346.0,1310.2,26.9,KPHX-KFLG-KPHX,Slight turbulence over Camelback Mountain
2024-04-19T00:00:00Z,4568.2,4570.5,4236.9,4238.8,2,63.0,81.6,189.7,323.2,1321.1,16.6,KPHX-KSEZ-KPHX,Gusty crosswind landing at KPHX
2024-04-20T00:00:00Z,4570.5,4571.0,4238.8,4239.2,3,66.4,74.7,178.4,342.0,1353.1,4.0,KPHX-KDVT-KPHX,"Oil temp ran slightly warm, cleared after descent"
2024-04-25T00:00:00Z,4571.0,4571.5,4239.2,4239.6,1,66.6,84.2,182.7,361.9,1307.6,3.2,KPHX-KDVT-KPHX,Slight turbulence over Camelback Mountain
2024-05-02T00:00:00Z,4571.5,4572.1,4239.6,4240.1,1,58.9,71.8,184.5,372.5,1334.0,4.6,KPHX pattern,"Beautiful day, smooth air above 6500 ft"
2024-05-08T00:00:00Z,4572.1,4574.1,4240.1,4241.9,2,59.9,77.2,189.0,339.1,1347.0,16.6,KPHX-KTUS-KPHX,Slight turbulence over Camelback Mountain
2024-05-12T00:00:00Z,4574.1,4576.7,4241.9,4244.2,1,55.8,81.3,203.0,393.4,1375.7,20.3,KPHX-KFLG-KPHX,"Normal flight, no discrepancies"
2024-05-14T00:00:00Z,4576.7,4577.2,4244.2,4244.6,1,67.5,80.3,171.2,372.3,1252.4,3.4,KPHX-KDVT-KPHX,"Normal flight, no discrepancies"
2024-05-16T00:00:00Z,4577.2,4577.7,4244.6,4245.0,2,58.4,78.7,189.5,379.5,1255.4,3.5,KPHX-KFFZ-KPHX,"Beautiful day, smooth air above 6500 ft"
2024-05-17T00:00:00Z,4577.7,4580.1,4245.0,4247.2,3,62.3,75.5,202.6,398.9,1346.1,17.2,KPHX-KSEZ-KPHX,"Rough idle on startup, cleared after warmup"
2024-05-22T00:00:00Z,4580.1,4580.6,4247.2,4247.6,1,60.0,73.8,173.6,403.0,1337.3,3.7,KPHX-KDVT-KPHX,"Engine mag check showed slight roughness on right mag, cleared at runup"
2024-05-22T00:00:00Z,4580.6,4583.9,4247.6,4250.6,3,62.1,73.3,210.2,364.0,1317.7,25.0,KPHX-KFLG-KPHX,"Oil temp ran slightly warm, cleared after descent"
2024-05-25T00:00:00Z,4583.9,4584.6,4250.6,4251.2,1,60.6,83.1,173.7,372.8,1292.8,5.0,KPHX-KCHD-KPHX,
2024-05-30T00:00:00Z,4584.6,4585.1,4251.2,4251.6,2,53.1,73.7,185.7,396.5,1334.6,3.2,KPHX pattern,"Haze layer at 3000 ft, VFR on top"
2024-06-01T00:00:00Z,4585.1,4586.4,4251.6,4252.7,1,63.9,79.2,187.3,353.7,1349.7,9.2,KPHX-KCHD-KFFZ-KPHX,
2024-06-03T00:00:00Z,4586.4,4588.0,4252.7,4254.2,2,67.4,79.2,177.7,291.9,1330.3,12.9,KPHX-KBXK-KPHX,"Oil temp ran slightly warm, cleared after descent"
2024-06-08T00:00:00Z,4588.0,4588.7,4254.2,4254.8,1,66.6,75.1,184.6,393.8,1269.3,5.4,KPHX-KFFZ-KPHX,"Oil temp ran slightly warm, cleared after descent"
2024-06-11T00:00:00Z,4588.7,4589.1,4254.8,4255.2,1,60.7,74.3,181.6,351.2,1349.5,3.2,KPHX-KSDL-KPHX,Fuel selector inadvertently left on LEFT — corrected
2024-06-15T00:00:00Z,4589.1,4592.0,4255.2,4257.7,1,60.4,77.0,191.3,380.5,1263.9,24.2,KPHX-KFLG-KPHX,"Oil temp ran slightly warm, cleared after descent"
2024-06-19T00:00:00Z,4592.0,4597.0,4257.7,4262.2,1,70.0,82.9,217.7,423.1,1316.6,37.2,KPHX-KGCN-KPHX,"Rough idle on startup, cleared after warmup"
2024-06-23T00:00:00Z,4597.0,4599.1,4262.2,4264.1,1,64.2,77.0,190.5,370.1,1266.4,15.6,KPHX-KPRC-KPHX,
2024-06-28T00:00:00Z,4599.1,4601.3,4264.1,4266.0,2,64.9,73.0,181.5,360.4,1364.2,16.6,KPHX-KSEZ-KPHX,
2024-06-30T00:00:00Z,4601.3,4601.9,4266.0,4266.5,1,59.6,78.2,191.3,410.0,1236.5,3.8,KPHX pattern,Slight turbulence over Camelback Mountain
2024-07-03T00:00:00Z,4601.9,4602.4,4266.5,4266.9,1,65.0,87.1,184.5,359.4,1379.9,3.9,KPHX-KDVT-KPHX,"Beautiful day, smooth air above 6500 ft"
2024-07-03T00:00:00Z,4602.4,4602.9,4266.9,4267.3,1,58.5,74.7,184.2,354.6,1313.7,3.6,KPHX-KSDL-KPHX,"CHT elevated on climb, leveled off in cruise"
2024-07-06T00:00:00Z,4602.9,4603.4,4267.3,4267.7,1,57.7,82.7,180.0,341.1,1296.2,3.9,KPHX-KFFZ-KPHX,"CHT elevated on climb, leveled off in cruise"
2024-07-07T00:00:00Z,4603.4,4605.4,4267.7,4269.4,1,66.0,77.6,189.9,350.0,1400.2,17.2,KPHX-KPRC-KPHX,Slight turbulence over Camelback Mountain
2024-07-07T00:00:00Z,4605.4,4605.9,4269.4,4269.8,1,63.5,72.7,171.9,373.4,1383.9,3.6,KPHX pattern,"CHT elevated on climb, leveled off in cruise"
2024-07-13T00:00:00Z,4605.9,4607.6,4269.8,4271.3,1,61.1,76.2,192.2,344.9,1400.0,12.6,KPHX-KPRC-KPHX,"Normal flight, no discrepancies"
2024-07-16T00:00:00Z,4607.6,4609.0,4271.3,4272.5,1,62.6,73.1,183.8,326.1,1333.0,10.5,KPHX-KCHD-KFFZ-KPHX,
2024-07-17T00:00:00Z,4609.0,4609.5,4272.5,4273.0,1,54.4,82.5,182.1,368.5,1273.5,4.1,KPHX-KFFZ-KPHX,"Beautiful day, smooth air above 6500 ft"
2024-07-24T00:00:00Z,4609.5,4610.7,4273.0,4274.0,1,54.8,74.4,178.7,327.4,1220.0,9.4,KPHX-KCHD-KFFZ-KPHX,"Engine mag check showed slight roughness on right mag, cleared at runup"
2024-07-27T00:00:00Z,4610.7,4611.2,4274.0,4274.5,2,60.5,80.6,186.2,379.6,1289.3,4.1,KPHX-KDVT-KPHX,
2024-07-28T00:00:00Z,4611.2,4611.8,4274.5,4275.0,1,64.6,87.6,195.5,396.7,1319.5,4.6,KPHX-KCHD-KPHX,"Engine mag check showed slight roughness on right mag, cleared at runup"
2024-08-01T00:00:00Z,4611.8,4614.2,4275.0,4277.2,2,56.4,76.4,192.3,332.9,1353.0,18.3,KPHX-KSEZ-KPHX,
2024-08-06T00:00:00Z,4614.2,4615.7,4277.2,4278.5,2,62.9,72.2,187.2,343.6,1383.8,12.1,KPHX-KCHD-KFFZ-KPHX,Gusty crosswind landing at KPHX
2024-08-10T00:00:00Z,4615.7,4619.2,4278.5,4281.5,1,74.0,85.3,189.7,313.1,1322.7,28.7,KPHX-KFLG-KPHX,"CHT elevated on climb, leveled off in cruise"
2024-08-16T00:00:00Z,4619.2,4619.7,4281.5,4282.0,3,60.7,73.5,193.6,345.4,1326.9,3.5,KPHX pattern,"Oil temp ran slightly warm, cleared after descent"
2024-08-20T00:00:00Z,4619.7,4621.9,4282.0,4283.9,2,63.9,80.8,202.9,357.6,1343.6,16.6,KPHX-KSEZ-KPHX,"Beautiful day, smooth air above 6500 ft"
2024-08-21T00:00:00Z,4621.9,4622.3,4283.9,4284.2,1,68.7,78.6,184.5,370.3,1378.1,2.9,KPHX-KSDL-KPHX,Gusty crosswind landing at KPHX
2024-08-22T00:00:00Z,4622.3,4622.8,4284.2,4284.6,2,61.3,77.8,182.6,367.4,1373.0,2.9,KPHX pattern,Gusty crosswind landing at KPHX
2024-08-29T00:00:00Z,4622.8,4624.0,4284.6,4285.6,2,54.8,78.3,191.0,345.0,1262.0,9.9,KPHX-KCHD-KFFZ-KPHX,"Slight vibration on climbout, investigated — no issue found"
2024-08-31T00:00:00Z,4624.0,4624.6,4285.6,4286.2,1,59.7,70.4,179.0,346.9,1341.6,5.0,KPHX-KCHD-KPHX,Fuel selector inadvertently left on LEFT — corrected
2024-08-31T00:00:00Z,4624.6,4625.2,4286.2,4286.7,1,63.7,70.9,178.4,355.3,1318.6,4.4,KPHX-KFFZ-KPHX,
2024-09-01T00:00:00Z,4625.2,4627.9,4286.7,4289.1,1,61.4,70.7,201.4,339.7,1269.8,23.8,KPHX-KFLG-KPHX,
2024-09-04T00:00:00Z,4627.9,4629.2,4289.1,4290.2,3,60.5,79.5,187.9,367.4,1303.7,9.9,KPHX-KBXK-KPHX,Gusty crosswind landing at KPHX
2024-09-09T00:00:00Z,4629.2,4632.4,4290.2,4293.0,1,62.6,73.8,209.2,375.5,1395.6,24.4,KPHX-KFLG-KPHX,
2024-09-10T00:00:00Z,4632.4,4633.6,4293.0,4294.1,1,59.6,74.3,177.1,324.3,1361.4,8.9,KPHX-KBXK-KPHX,"Rough idle on startup, cleared after warmup"
2024-09-14T00:00:00Z,4633.6,4636.6,4294.1,4296.9,1,55.9,86.8,192.5,378.5,1401.5,23.6,KPHX-KTUS-KPHX,Gusty crosswind landing at KPHX
2024-09-16T00:00:00Z,4636.6,4638.9,4296.9,4298.9,2,61.6,76.8,187.1,383.9,1259.0,17.3,KPHX-KPRC-KPHX,
2024-09-17T00:00:00Z,4638.9,4639.5,4298.9,4299.4,2,65.0,75.2,163.2,400.1,1309.7,4.7,KPHX-KCHD-KPHX,Slight turbulence over Camelback Mountain
2024-09-19T00:00:00Z,4639.5,4640.1,4299.4,4299.9,1,60.9,78.6,171.7,379.1,1384.9,3.9,KPHX pattern,"Rough idle on startup, cleared after warmup"
2024-09-22T00:00:00Z,4640.1,4643.9,4299.9,4303.5,3,73.7,78.9,226.8,361.4,1374.4,34.9,KPHX-KGCN-KPHX,"Rough idle on startup, cleared after warmup"
2024-09-24T00:00:00Z,4643.9,4644.5,4303.5,4304.0,1,67.7,72.7,165.4,382.7,1322.6,4.2,KPHX-KDVT-KPHX,"Rough idle on startup, cleared after warmup"
2024-09-25T00:00:00Z,4644.5,4645.1,4304.0,4304.5,3,58.3,80.4,175.5,350.7,1354.3,4.3,KPHX-KFFZ-KPHX,Gusty crosswind landing at KPHX
2024-09-26T00:00:00Z,4645.1,4645.5,4304.5,4304.9,1,62.1,75.5,179.8,363.4,1231.0,2.7,KPHX-KDVT-KPHX,
2024-09-29T00:00:00Z,4645.5,4648.4,4304.9,4307.5,1,61.0,78.1,195.9,364.4,1363.3,22.6,KPHX-KTUS-KPHX,
2024-10-02T00:00:00Z,4648.4,4648.9,4307.5,4308.0,1,62.4,82.9,175.8,414.5,1343.1,3.9,KPHX-KFFZ-KPHX,"Oil temp ran slightly warm, cleared after descent"
2024-10-02T00:00:00Z,4648.9,4649.4,4308.0,4308.5,1,58.9,76.7,183.9,304.3,1271.7,3.3,KPHX pattern,Gusty crosswind landing at KPHX
2024-10-04T00:00:00Z,4649.4,4650.5,4308.5,4309.5,1,65.2,74.7,176.1,336.5,1352.5,8.6,KPHX-KCHD-KFFZ-KPHX,"Beautiful day, smooth air above 6500 ft"
2024-10-06T00:00:00Z,4650.5,4655.5,4309.5,4314.0,2,65.5,78.7,209.5,400.8,1361.1,42.0,KPHX-KGCN-KPHX,
2024-10-07T00:00:00Z,4655.5,4655.9,4314.0,4314.4,2,60.5,81.0,168.7,365.0,1297.9,3.2,KPHX-KSDL-KPHX,
2024-10-09T00:00:00Z,4655.9,4656.4,4314.4,4314.8,1,54.9,77.9,184.8,366.0,1221.1,3.0,KPHX-KSDL-KPHX,
2024-10-16T00:00:00Z,4656.4,4659.2,4314.8,4317.2,1,63.8,76.1,190.5,365.1,1311.5,21.8,KPHX-KTUS-KPHX,
2024-10-18T00:00:00Z,4659.2,4659.6,4317.2,4317.5,1,65.4,74.5,178.4,358.8,1341.2,2.9,KPHX-KSDL-KPHX,"Oil temp ran slightly warm, cleared after descent"
2024-10-19T00:00:00Z,4659.6,4660.1,4317.5,4317.9,1,54.2,79.7,187.1,376.7,1311.9,3.5,KPHX pattern,Gusty crosswind landing at KPHX
2024-10-21T00:00:00Z,4660.1,4660.5,4317.9,4318.2,1,58.2,82.4,181.5,373.6,1334.2,2.8,KPHX-KSDL-KPHX,Gusty crosswind landing at KPHX
2024-10-23T00:00:00Z,4660.5,4661.1,4318.2,4318.7,1,58.7,80.1,185.5,343.7,1345.9,4.5,KPHX-KFFZ-KPHX,Slight turbulence over Camelback Mountain
2024-10-24T00:00:00Z,4661.1,4663.0,4318.7,4320.3,1,61.5,81.6,179.1,378.7,1285.2,15.3,KPHX-KPRC-KPHX,"Engine mag check showed slight roughness on right mag, cleared at runup"
2024-10-28T00:00:00Z,4663.0,4665.1,4320.3,4322.1,2,58.9,68.5,179.5,367.6,1304.2,15.5,KPHX-KPRC-KPHX,
2024-11-02T00:00:00Z,4665.1,4665.5,4322.1,4322.4,1,56.9,81.4,181.6,330.8,1300.6,3.0,KPHX-KSDL-KPHX,
2024-11-05T00:00:00Z,4665.5,4666.7,4322.4,4323.4,1,56.2,78.6,178.0,382.9,1379.9,9.3,KPHX-KBXK-KPHX,
2024-11-13T00:00:00Z,4666.7,4667.3,4323.4,4323.9,2,56.3,79.6,175.6,344.4,1351.7,4.7,KPHX-KCHD-KPHX,Slight turbulence over Camelback Mountain
2024-11-16T00:00:00Z,4667.3,4667.9,4323.9,4324.4,3,64.7,80.1,174.7,363.9,1277.5,4.5,KPHX-KFFZ-KPHX,"Slight vibration on climbout, investigated — no issue found"
2024-11-18T00:00:00Z,4667.9,4668.4,4324.4,4324.8,2,67.9,73.3,198.9,365.5,1341.0,4.0,KPHX-KDVT-KPHX,
2024-11-26T00:00:00Z,4668.4,4668.8,4324.8,4325.2,1,60.3,76.0,172.0,364.3,1338.3,3.2,KPHX-KSDL-KPHX,
2024-12-01T00:00:00Z,4668.8,4670.9,4325.2,4327.1,2,51.6,79.8,193.5,344.8,1345.7,16.8,KPHX-KTUS-KPHX,
2024-12-04T00:00:00Z,4670.9,4673.0,4327.1,4328.9,1,63.1,79.8,196.7,371.6,1303.4,15.4,KPHX-KTUS-KPHX,
2024-12-06T00:00:00Z,4673.0,4674.8,4328.9,4330.5,3,63.1,75.9,193.4,374.9,1390.9,11.9,KPHX-KPRC-KPHX,
2024-12-12T00:00:00Z,4674.8,4675.2,4330.5,4330.8,2,64.5,74.0,176.0,339.1,1254.6,3.0,KPHX-KSDL-KPHX,Gusty crosswind landing at KPHX
2024-12-14T00:00:00Z,4675.2,4675.7,4330.8,4331.2,2,60.1,79.7,177.6,366.0,1246.5,3.2,KPHX-KDVT-KPHX,"Haze layer at 3000 ft, VFR on top"
2024-12-17T00:00:00Z,4675.7,4676.2,4331.2,4331.6,2,59.5,76.2,180.3,356.5,1331.1,3.8,KPHX-KFFZ-KPHX,
2024-12-20T00:00:00Z,4676.2,4676.7,4331.6,4332.0,1,63.1,83.0,183.1,362.0,1333.5,3.8,KPHX-KDVT-KPHX,"Haze layer at 3000 ft, VFR on top"
2024-12-23T00:00:00Z,4676.7,4677.9,4332.0,4333.0,3,61.2,69.4,186.0,365.2,1308.1,9.4,KPHX-KCHD-KFFZ-KPHX,"Engine mag check showed slight roughness on right mag, cleared at runup"
2024-12-28T00:00:00Z,4677.9,4678.3,4333.0,4333.4,2,59.9,70.7,170.2,372.7,1361.1,3.1,KPHX-KSDL-KPHX,"Slight vibration on climbout, investigated — no issue found"
2024-12-30T00:00:00Z,4678.3,4678.8,4333.4,4333.8,2,63.3,73.5,164.9,355.3,1409.2,3.3,KPHX-KCHD-KPHX,"Haze layer at 3000 ft, VFR on top"
2025-01-05T00:00:00Z,4678.8,4680.6,4333.8,4335.5,1,60.9,73.8,199.3,381.3,1263.6,14.4,KPHX-KTUS-KPHX,
2025-01-05T00:00:00Z,4680.6,4681.0,4335.5,4335.9,1,61.8,82.2,195.9,373.9,1293.9,2.9,KPHX pattern,"Engine mag check showed slight roughness on right mag, cleared at runup"
2025-01-08T00:00:00Z,4681.0,4681.7,4335.9,4336.5,1,61.0,76.9,167.3,367.6,1329.7,5.1,KPHX-KCHD-KPHX,"Rough idle on startup, cleared after warmup"
2025-01-11T00:00:00Z,4681.7,4684.0,4336.5,4338.7,2,61.7,82.1,195.9,365.8,1317.8,18.4,KPHX-KSEZ-KPHX,"Beautiful day, smooth air above 6500 ft"
2025-01-13T00:00:00Z,4684.0,4684.4,4338.7,4339.1,2,66.7,73.9,182.7,384.7,1351.9,3.3,KPHX-KDVT-KPHX,"Rough idle on startup, cleared after warmup"
2025-01-17T00:00:00Z,4684.4,4686.8,4339.1,4341.3,1,56.7,78.0,179.1,394.4,1340.6,18.5,KPHX-KSEZ-KPHX,
2025-01-20T00:00:00Z,4686.8,4688.8,4341.3,4343.0,2,63.9,77.6,187.0,382.6,1357.0,15.5,KPHX-KPRC-KPHX,
2025-01-23T00:00:00Z,4688.8,4689.3,4343.0,4343.5,1,61.6,78.4,175.0,373.5,1342.2,4.5,KPHX-KCHD-KPHX,"Oil temp ran slightly warm, cleared after descent"
2025-01-25T00:00:00Z,4689.3,4690.5,4343.5,4344.6,1,68.6,79.2,189.9,358.8,1285.9,9.5,KPHX-KCHD-KFFZ-KPHX,
2025-01-26T00:00:00Z,4690.5,4692.7,4344.6,4346.5,1,56.8,87.5,196.6,389.9,1324.8,17.5,KPHX-KPRC-KPHX,
2025-01-27T00:00:00Z,4692.7,4693.4,4346.5,4347.1,1,61.0,87.0,178.5,368.3,1299.2,4.9,KPHX-KFFZ-KPHX,"Normal flight, no discrepancies"
2025-01-30T00:00:00Z,4693.4,4694.5,4347.1,4348.0,2,63.8,79.0,185.3,359.6,1321.3,8.4,KPHX-KCHD-KFFZ-KPHX,
2025-02-01T00:00:00Z,4694.5,4695.0,4348.0,4348.4,1,56.8,80.0,179.0,359.8,1338.6,3.6,KPHX pattern,
2025-02-03T00:00:00Z,4695.0,4699.5,4348.4,4352.4,1,69.5,83.4,217.4,355.3,1317.6,38.4,KPHX-KGCN-KPHX,"Beautiful day, smooth air above 6500 ft"
2025-02-04T00:00:00Z,4699.5,4700.8,4352.4,4353.6,2,64.7,77.1,187.1,394.5,1331.5,9.4,KPHX-KBXK-KPHX,"Slight vibration on climbout, investigated — no issue found"
2025-02-09T00:00:00Z,4700.8,4701.2,4353.6,4354.0,1,55.6,79.4,179.0,394.3,1389.2,3.2,KPHX pattern,Gusty crosswind landing at KPHX
2025-02-10T00:00:00Z,4701.2,4702.8,4354.0,4355.4,1,58.6,73.3,199.6,358.9,1285.8,11.5,KPHX-KBXK-KPHX,"Rough idle on startup, cleared after warmup"
2025-02-13T00:00:00Z,4702.8,4703.4,4355.4,4355.9,1,57.9,85.5,167.3,356.3,1336.6,4.0,KPHX pattern,
2025-02-16T00:00:00Z,4703.4,4705.3,4355.9,4357.6,1,60.0,80.2,205.5,345.6,1367.1,16.2,KPHX-KSEZ-KPHX,"Beautiful day, smooth air above 6500 ft"
2025-02-18T00:00:00Z,4705.3,4705.7,4357.6,4358.0,1,65.8,80.2,170.2,388.9,1329.0,2.9,KPHX-KSDL-KPHX,"Engine mag check showed slight roughness on right mag, cleared at runup"
2025-02-24T00:00:00Z,4705.7,4706.2,4358.0,4358.4,1,63.4,72.7,175.7,394.8,1312.1,3.5,KPHX pattern,
2025-02-27T00:00:00Z,4706.2,4706.9,4358.4,4359.0,2,66.5,77.9,182.0,349.8,1375.1,5.0,KPHX pattern,Slight turbulence over Camelback Mountain
2025-02-27T00:00:00Z,4706.9,4707.4,4359.0,4359.4,2,74.2,80.6,191.8,338.0,1262.2,4.3,KPHX-KCHD-KPHX,
2025-03-04T00:00:00Z,4707.4,4707.9,4359.4,4359.8,1,58.4,79.7,190.6,365.7,1325.7,3.2,KPHX pattern,"Engine mag check showed slight roughness on right mag, cleared at runup"
2025-03-07T00:00:00Z,4707.9,4708.2,4359.8,4360.1,2,60.3,74.2,178.3,335.1,1347.9,2.5,KPHX-KSDL-KPHX,Gusty crosswind landing at KPHX
2025-03-11T00:00:00Z,4708.2,4709.2,4360.1,4360.9,1,62.8,69.2,174.8,359.8,1308.2,6.9,KPHX-KCHD-KFFZ-KPHX,"Engine mag check showed slight roughness on right mag, cleared at runup"
2025-03-13T00:00:00Z,4709.2,4710.2,4360.9,4361.7,1,60.3,77.9,177.5,381.0,1313.3,8.5,KPHX-KCHD-KFFZ-KPHX,Gusty crosswind landing at KPHX
2025-03-17T00:00:00Z,4710.2,4711.6,4361.7,4362.9,1,68.0,75.2,179.4,395.9,1289.1,10.5,KPHX-KBXK-KPHX,Slight turbulence over Camelback Mountain
2025-03-21T00:00:00Z,4711.6,4712.1,4362.9,4363.3,1,64.5,78.1,182.2,359.4,1319.8,3.5,KPHX-KSDL-KPHX,"Rough idle on startup, cleared after warmup"
2025-03-25T00:00:00Z,4712.1,4714.7,4363.3,4365.6,1,59.9,77.3,203.0,375.8,1376.1,19.6,KPHX-KTUS-KPHX,
2025-03-29T00:00:00Z,4714.7,4715.2,4365.6,4366.1,1,58.5,73.7,179.8,336.3,1288.1,3.8,KPHX-KCHD-KPHX,"Haze layer at 3000 ft, VFR on top"
2025-03-31T00:00:00Z,4715.2,4715.7,4366.1,4366.5,2,58.9,87.2,159.0,415.6,1373.2,3.5,KPHX-KDVT-KPHX,Gusty crosswind landing at KPHX
2025-04-03T00:00:00Z,4715.7,4716.1,4366.5,4366.9,1,55.3,79.7,163.1,359.6,1263.3,3.3,KPHX pattern,"Beautiful day, smooth air above 6500 ft"
2025-04-05T00:00:00Z,4716.1,4716.6,4366.9,4367.4,1,66.3,73.0,195.8,352.1,1283.6,3.9,KPHX pattern,
2025-04-11T00:00:00Z,4716.6,4718.6,4367.4,4369.1,2,62.8,82.3,191.2,374.6,1342.4,15.5,KPHX-KTUS-KPHX,
2025-04-14T00:00:00Z,4718.6,4720.0,4369.1,4370.2,2,57.9,76.7,179.7,337.7,1353.9,11.8,KPHX-KCHD-KFFZ-KPHX,"Rough idle on startup, cleared after warmup"
2025-04-17T00:00:00Z,4720.0,4722.3,4370.2,4372.2,1,58.0,75.1,199.5,361.8,1321.2,17.2,KPHX-KPRC-KPHX,
2025-04-19T00:00:00Z,4722.3,4722.6,4372.2,4372.5,1,65.8,84.6,175.0,378.9,1310.7,2.6,KPHX-KSDL-KPHX,
2025-04-20T00:00:00Z,4722.6,4723.9,4372.5,4373.7,1,61.8,82.4,188.1,370.9,1305.3,9.6,KPHX-KBXK-KPHX,"Haze layer at 3000 ft, VFR on top"
2025-04-23T00:00:00Z,4723.9,4724.5,4373.7,4374.2,1,60.7,83.9,189.1,350.0,1307.9,4.2,KPHX-KDVT-KPHX,
2025-04-27T00:00:00Z,4724.5,4726.0,4374.2,4375.4,2,67.4,76.6,207.3,378.9,1300.6,11.0,KPHX-KBXK-KPHX,
2025-04-28T00:00:00Z,4726.0,4728.2,4375.4,4377.4,1,54.8,76.9,201.6,388.4,1350.1,18.5,KPHX-KTUS-KPHX,"Normal flight, no discrepancies"
2025-04-30T00:00:00Z,4728.2,4730.1,4377.4,4379.1,1,62.5,79.1,171.6,366.6,1312.9,14.6,KPHX-KSEZ-KPHX,"CHT elevated on climb, leveled off in cruise"
2025-05-06T00:00:00Z,4730.1,4730.5,4379.1,4379.5,1,65.6,79.8,169.5,339.7,1254.8,2.9,KPHX-KDVT-KPHX,Gusty crosswind landing at KPHX
2025-05-09T00:00:00Z,4730.5,4731.1,4379.5,4380.0,1,66.4,84.0,166.6,389.3,1315.1,4.2,KPHX-KFFZ-KPHX,"CHT elevated on climb, leveled off in cruise"
2025-05-15T00:00:00Z,4731.1,4731.6,4380.0,4380.5,1,69.2,79.7,178.6,341.4,1340.8,4.2,KPHX-KDVT-KPHX,"Oil temp ran slightly warm, cleared after descent"
2025-05-15T00:00:00Z,4731.6,4733.9,4380.5,4382.6,1,63.9,77.2,189.9,366.5,1322.7,16.7,KPHX-KFLG-KPHX,"Haze layer at 3000 ft, VFR on top"
2025-05-18T00:00:00Z,4733.9,4736.3,4382.6,4384.7,1,65.9,74.2,201.7,411.5,1306.0,18.6,KPHX-KPRC-KPHX,"Engine mag check showed slight roughness on right mag, cleared at runup"
2025-05-22T00:00:00Z,4736.3,4738.4,4384.7,4386.6,3,65.6,82.4,183.2,372.7,1360.8,17.4,KPHX-KSEZ-KPHX,"Normal flight, no discrepancies"
2025-05-28T00:00:00Z,4738.4,4739.0,4386.6,4387.1,2,67.4,78.8,191.5,364.1,1306.5,4.5,KPHX-KFFZ-KPHX,"Haze layer at 3000 ft, VFR on top"
2025-06-01T00:00:00Z,4739.0,4739.4,4387.1,4387.4,1,69.2,74.2,178.1,350.3,1299.8,2.7,KPHX-KSDL-KPHX,"CHT elevated on climb, leveled off in cruise"
2025-06-04T00:00:00Z,4739.4,4740.6,4387.4,4388.4,1,53.8,75.9,183.6,386.0,1378.5,8.5,KPHX-KCHD-KFFZ-KPHX,
2025-06-06T00:00:00Z,4740.6,4742.7,4388.4,4390.2,1,61.2,77.9,193.5,363.5,1308.6,17.4,KPHX-KSEZ-KPHX,Gusty crosswind landing at KPHX
2025-06-08T00:00:00Z,4742.7,4743.8,4390.2,4391.1,1,57.7,75.1,181.2,396.9,1312.1,8.5,KPHX-KCHD-KFFZ-KPHX,"Oil temp ran slightly warm, cleared after descent"
2025-06-12T00:00:00Z,4743.8,4745.1,4391.1,4392.2,1,64.9,85.9,180.7,365.4,1324.5,10.3,KPHX-KBXK-KPHX,
2025-06-15T00:00:00Z,4745.1,4745.5,4392.2,4392.6,2,64.3,75.5,193.3,373.2,1332.6,2.9,KPHX pattern,"Slight vibration on climbout, investigated — no issue found"
2025-06-17T00:00:00Z,4745.5,4750.1,4392.6,4396.7,1,66.1,88.1,215.0,364.0,1268.2,33.5,KPHX-KGCN-KPHX,"Oil temp ran slightly warm, cleared after descent"
2025-06-19T00:00:00Z,4750.1,4752.0,4396.7,4398.3,3,62.7,77.1,192.7,378.5,1286.8,14.1,KPHX-KPRC-KPHX,"Rough idle on startup, cleared after warmup"
2025-06-22T00:00:00Z,4752.0,4752.5,4398.3,4398.7,1,58.6,75.5,178.9,406.9,1347.6,3.6,KPHX pattern,"Slight vibration on climbout, investigated — no issue found"
2025-06-24T00:00:00Z,4752.5,4753.8,4398.7,4399.9,2,64.0,76.3,202.6,345.8,1328.7,10.0,KPHX-KBXK-KPHX,Slight turbulence over Camelback Mountain
2025-06-28T00:00:00Z,4753.8,4754.3,4399.9,4400.3,1,57.6,71.1,168.2,370.0,1313.0,3.2,KPHX pattern,
2025-07-03T00:00:00Z,4754.3,4754.9,4400.3,4400.8,1,67.1,81.5,175.4,362.8,1303.4,4.8,KPHX-KFFZ-KPHX,Slight turbulence over Camelback Mountain
2025-07-05T00:00:00Z,4754.9,4756.1,4400.8,4401.8,1,56.6,84.8,175.7,393.7,1313.7,8.7,KPHX-KBXK-KPHX,
2025-07-08T00:00:00Z,4756.1,4756.5,4401.8,4402.2,1,54.3,73.8,184.5,334.6,1360.4,3.0,KPHX-KSDL-KPHX,
2025-07-13T00:00:00Z,4756.5,4758.0,4402.2,4403.6,2,67.5,79.2,176.0,350.8,1282.2,11.7,KPHX-KSEZ-KPHX,
2025-07-14T00:00:00Z,4758.0,4762.3,4403.6,4407.4,1,64.1,72.8,212.3,369.1,1336.6,33.6,KPHX-KGCN-KPHX,"Slight vibration on climbout, investigated — no issue found"
2025-07-17T00:00:00Z,4762.3,4763.0,4407.4,4408.0,1,61.5,72.2,177.9,386.3,1354.9,4.8,KPHX-KCHD-KPHX,Fuel selector inadvertently left on LEFT — corrected
2025-07-22T00:00:00Z,4763.0,4763.6,4408.0,4408.5,2,52.8,83.6,191.8,393.1,1309.6,4.2,KPHX-KCHD-KPHX,"Engine mag check showed slight roughness on right mag, cleared at runup"
2025-07-25T00:00:00Z,4763.6,4764.1,4408.5,4409.0,1,66.5,71.5,175.0,364.7,1268.6,3.8,KPHX pattern,
2025-07-28T00:00:00Z,4764.1,4766.5,4409.0,4411.0,1,61.9,79.3,191.7,366.0,1368.2,20.5,KPHX-KSEZ-KPHX,
2025-07-30T00:00:00Z,4766.5,4767.1,4411.0,4411.5,1,62.7,77.7,176.7,352.5,1312.4,4.0,KPHX-KCHD-KPHX,Fuel selector inadvertently left on LEFT — corrected
2025-08-02T00:00:00Z,4767.1,4769.5,4411.5,4413.7,1,62.0,79.7,185.6,343.2,1292.8,19.5,KPHX-KSEZ-KPHX,"Slight vibration on climbout, investigated — no issue found"
2025-08-10T00:00:00Z,4769.5,4770.1,4413.7,4414.3,1,56.2,79.4,182.3,400.6,1364.3,4.5,KPHX-KCHD-KPHX,Gusty crosswind landing at KPHX
2025-08-10T00:00:00Z,4770.1,4772.8,4414.3,4416.6,1,59.2,81.6,202.6,330.5,1319.3,20.9,KPHX-KTUS-KPHX,
2025-08-15T00:00:00Z,4772.8,4773.3,4416.6,4417.0,1,68.8,76.1,172.2,378.2,1276.7,3.6,KPHX-KCHD-KPHX,Slight turbulence over Camelback Mountain
2025-08-25T00:00:00Z,4773.3,4775.3,4417.0,4418.7,2,53.4,79.6,189.4,363.6,1366.6,16.2,KPHX-KPRC-KPHX,"Beautiful day, smooth air above 6500 ft"
2025-08-29T00:00:00Z,4775.3,4776.1,4418.7,4419.4,3,66.3,74.7,179.6,333.7,1352.4,5.7,KPHX-KCHD-KPHX,"CHT elevated on climb, leveled off in cruise"
2025-09-02T00:00:00Z,4776.1,4778.8,4419.4,4421.7,1,56.1,76.6,200.6,370.1,1344.7,20.9,KPHX-KFLG-KPHX,"Beautiful day, smooth air above 6500 ft"
2025-09-05T00:00:00Z,4778.8,4781.2,4421.7,4423.8,2,65.9,75.7,188.1,372.3,1323.0,20.3,KPHX-KFLG-KPHX,
2025-09-07T00:00:00Z,4781.2,4781.7,4423.8,4424.2,1,69.6,77.9,176.3,359.6,1391.9,3.3,KPHX-KSDL-KPHX,
2025-09-11T00:00:00Z,4781.7,4783.7,4424.2,4426.0,1,63.8,74.8,179.5,393.9,1331.4,15.2,KPHX-KSEZ-KPHX,
2025-09-20T00:00:00Z,4783.7,4785.7,4426.0,4427.8,1,54.1,79.5,199.3,336.6,1279.8,15.4,KPHX-KPRC-KPHX,"Rough idle on startup, cleared after warmup"
2025-09-22T00:00:00Z,4785.7,4786.9,4427.8,4428.9,1,58.1,75.6,183.8,350.3,1312.6,8.8,KPHX-KCHD-KFFZ-KPHX,"Engine mag check showed slight roughness on right mag, cleared at runup"
2025-09-22T00:00:00Z,4786.9,4787.4,4428.9,4429.4,2,56.5,72.5,174.9,408.7,1376.3,3.6,KPHX pattern,Gusty crosswind landing at KPHX
2025-10-01T00:00:00Z,4787.4,4789.4,4429.4,4431.2,1,66.4,76.8,183.5,346.9,1414.4,14.9,KPHX-KPRC-KPHX,Fuel selector inadvertently left on LEFT — corrected
2025-10-10T00:00:00Z,4789.4,4789.7,4431.2,4431.5,2,58.3,73.7,189.6,352.4,1403.2,2.3,KPHX pattern,
2025-10-11T00:00:00Z,4789.7,4792.9,4431.5,4434.3,1,58.7,73.2,201.3,371.6,1335.0,25.2,KPHX-KFLG-KPHX,
2025-10-13T00:00:00Z,4792.9,4793.4,4434.3,4434.7,2,58.8,80.7,186.8,390.3,1388.3,3.5,KPHX pattern,
2025-10-16T00:00:00Z,4793.4,4793.8,4434.7,4435.0,2,57.1,78.6,174.2,359.1,1359.6,2.7,KPHX-KSDL-KPHX,
2025-10-20T00:00:00Z,4793.8,4795.8,4435.0,4436.7,2,58.8,72.6,207.9,380.4,1327.8,14.9,KPHX-KPRC-KPHX,
2025-10-21T00:00:00Z,4795.8,4797.0,4436.7,4437.8,1,61.9,78.4,170.2,367.3,1374.5,9.2,KPHX-KBXK-KPHX,"CHT elevated on climb, leveled off in cruise"
2025-10-26T00:00:00Z,4797.0,4799.5,4437.8,4439.9,1,61.3,76.0,205.8,376.0,1352.2,21.5,KPHX-KFLG-KPHX,"Haze layer at 3000 ft, VFR on top"
2025-10-28T00:00:00Z,4799.5,4801.0,4439.9,4441.2,1,66.5,83.0,194.6,406.6,1342.4,11.4,KPHX-KBXK-KPHX,"Slight vibration on climbout, investigated — no issue found"
2025-11-02T00:00:00Z,4801.0,4801.5,4441.2,4441.7,3,66.7,74.2,180.1,376.5,1336.0,4.4,KPHX-KDVT-KPHX,"Beautiful day, smooth air above 6500 ft"
2025-11-06T00:00:00Z,4801.5,4801.9,4441.7,4442.1,1,65.0,80.5,178.8,358.8,1277.3,3.1,KPHX-KDVT-KPHX,"Haze layer at 3000 ft, VFR on top"
2025-11-07T00:00:00Z,4801.9,4802.4,4442.1,4442.5,1,66.9,80.4,187.4,327.0,1289.7,3.5,KPHX-KFFZ-KPHX,
2025-11-10T00:00:00Z,4802.4,4803.9,4442.5,4443.8,2,62.3,73.1,189.6,379.8,1289.2,12.1,KPHX-KBXK-KPHX,Slight turbulence over Camelback Mountain
2025-11-13T00:00:00Z,4803.9,4807.3,4443.8,4446.7,1,64.9,74.2,194.0,342.1,1301.8,28.0,KPHX-KFLG-KPHX,Slight turbulence over Camelback Mountain
2025-11-15T00:00:00Z,4807.3,4807.8,4446.7,4447.1,1,60.2,76.6,183.2,377.9,1334.8,3.8,KPHX-KSDL-KPHX,
2025-11-16T00:00:00Z,4807.8,4808.4,4447.1,4447.6,1,60.5,76.8,190.9,354.6,1317.3,4.1,KPHX-KCHD-KPHX,"Oil temp ran slightly warm, cleared after descent"
2025-11-17T00:00:00Z,4808.4,4808.9,4447.6,4448.0,3,62.7,79.4,186.9,355.2,1378.7,3.7,KPHX-KCHD-KPHX,"Normal flight, no discrepancies"
2025-11-21T00:00:00Z,4808.9,4809.4,4448.0,4448.5,1,66.8,73.8,183.6,385.0,1311.5,3.6,KPHX pattern,Fuel selector inadvertently left on LEFT — corrected
2025-11-22T00:00:00Z,4809.4,4811.3,4448.5,4450.1,1,65.2,80.0,197.1,382.5,1339.2,14.5,KPHX-KPRC-KPHX,"Oil temp ran slightly warm, cleared after descent"
2025-11-23T00:00:00Z,4811.3,4813.9,4450.1,4452.5,2,61.1,80.6,188.7,346.2,1327.9,18.8,KPHX-KSEZ-KPHX,Slight turbulence over Camelback Mountain
2025-11-27T00:00:00Z,4813.9,4816.5,4452.5,4454.9,1,56.9,84.3,198.8,353.0,1332.6,19.9,KPHX-KTUS-KPHX,"Rough idle on startup, cleared after warmup"
2025-12-01T00:00:00Z,4816.5,4818.7,4454.9,4456.8,2,57.2,71.3,179.3,353.6,1273.5,16.5,KPHX-KTUS-KPHX,"Normal flight, no discrepancies"
2025-12-04T00:00:00Z,4818.7,4820.9,4456.8,4458.7,1,62.9,78.8,206.9,355.6,1356.2,16.9,KPHX-KTUS-KPHX,
2025-12-06T00:00:00Z,4820.9,4822.6,4458.7,4460.2,1,62.4,77.9,188.6,372.8,1281.5,13.3,KPHX-KBXK-KPHX,"Rough idle on startup, cleared after warmup"
2025-12-09T00:00:00Z,4822.6,4823.1,4460.2,4460.6,2,58.6,75.4,182.5,346.0,1259.2,3.5,KPHX-KDVT-KPHX,
2025-12-12T00:00:00Z,4823.1,4825.0,4460.6,4462.1,1,58.0,78.5,201.0,390.7,1328.9,15.5,KPHX-KPRC-KPHX,"Oil temp ran slightly warm, cleared after descent"
2025-12-15T00:00:00Z,4825.0,4827.1,4462.1,4463.8,1,57.6,73.9,199.2,385.2,1279.5,15.2,KPHX-KPRC-KPHX,
2025-12-16T00:00:00Z,4827.1,4829.3,4463.8,4465.7,1,59.3,76.1,195.6,373.6,1341.1,15.0,KPHX-KPRC-KPHX,"Normal flight, no discrepancies"
2025-12-19T00:00:00Z,4829.3,4831.6,4465.7,4467.6,1,62.3,79.1,198.1,360.2,1321.0,19.1,KPHX-KSEZ-KPHX,"Oil temp ran slightly warm, cleared after descent"
2025-12-20T00:00:00Z,4831.6,4834.1,4467.6,4469.7,1,53.4,75.3,182.6,365.3,1287.9,19.6,KPHX-KSEZ-KPHX,"Engine mag check showed slight roughness on right mag, cleared at runup"
2025-12-22T00:00:00Z,4834.1,4835.2,4469.7,4470.6,1,57.6,78.0,180.2,378.0,1352.2,8.4,KPHX-KCHD-KFFZ-KPHX,"Engine mag check showed slight roughness on right mag, cleared at runup"
2025-12-27T00:00:00Z,4835.2,4837.1,4470.6,4472.3,2,51.8,78.4,181.6,380.9,1339.6,14.4,KPHX-KSEZ-KPHX,
2025-12-29T00:00:00Z,4837.1,4839.6,4472.3,4474.6,1,55.9,74.0,192.2,355.5,1359.3,19.7,KPHX-KTUS-KPHX,"Beautiful day, smooth air above 6500 ft"
2025-12-31T00:00:00Z,4839.6,4840.2,4474.6,4475.1,3,54.0,74.3,174.3,375.3,1339.0,4.1,KPHX-KCHD-KPHX,"Rough idle on startup, cleared after warmup"
2026-01-04T00:00:00Z,4840.2,4842.3,4475.1,4477.0,3,61.5,79.0,191.9,412.7,1299.7,16.6,KPHX-KTUS-KPHX,"Haze layer at 3000 ft, VFR on top"
2026-01-04T00:00:00Z,4842.3,4843.7,4477.0,4478.3,3,60.4,80.7,188.3,386.0,1333.9,10.3,KPHX-KBXK-KPHX,
2026-01-06T00:00:00Z,4843.7,4844.3,4478.3,4478.8,1,61.8,77.0,178.6,344.7,1302.7,4.8,KPHX-KCHD-KPHX,"Engine mag check showed slight roughness on right mag, cleared at runup"
2026-01-07T00:00:00Z,4844.3,4845.6,4478.8,4479.9,1,65.3,72.1,180.3,375.4,1219.6,10.3,KPHX-KCHD-KFFZ-KPHX,Gusty crosswind landing at KPHX
2026-01-11T00:00:00Z,4845.6,4848.5,4479.9,4482.4,2,61.7,75.8,189.6,350.7,1330.2,23.5,KPHX-KFLG-KPHX,"Beautiful day, smooth air above 6500 ft"
2026-01-14T00:00:00Z,4848.5,4850.8,4482.4,4484.3,1,57.8,79.7,187.5,344.3,1287.1,18.9,KPHX-KPRC-KPHX,"Engine mag check showed slight roughness on right mag, cleared at runup"
2026-01-17T00:00:00Z,4850.8,4851.3,4484.3,4484.8,1,51.2,74.7,174.1,349.3,1362.6,3.8,KPHX-KFFZ-KPHX,"Slight vibration on climbout, investigated — no issue found"
2026-01-21T00:00:00Z,4851.3,4853.6,4484.8,4486.9,2,66.8,75.0,179.9,343.3,1335.1,18.8,KPHX-KSEZ-KPHX,"Beautiful day, smooth air above 6500 ft"
2026-01-25T00:00:00Z,4853.6,4856.1,4486.9,4489.1,3,61.9,73.4,185.7,379.7,1388.1,21.3,KPHX-KFLG-KPHX,Slight turbulence over Camelback Mountain
2026-01-27T00:00:00Z,4856.1,4858.2,4489.1,4491.0,1,65.2,85.5,190.3,358.8,1321.6,16.8,KPHX-KFLG-KPHX,"Engine mag check showed slight roughness on right mag, cleared at runup"
2026-01-30T00:00:00Z,4858.2,4858.8,4491.0,4491.5,1,65.4,84.4,186.5,378.5,1328.2,3.9,KPHX pattern,"Beautiful day, smooth air above 6500 ft"
